{"42001": {"Income": 31590.0, "Population-Density": 195.51, "Percent-Attend-College": 22.28346894, "Percent-Over-65": 15.73, "Vax-Rate": 46.6, "Social Vulnerability Index": "A"}, "42003": {"Income": 38709.0, "Population-Density": 1675.65, "Percent-Attend-College": 41.64778451, "Percent-Over-65": 16.76, "Vax-Rate": 57.5, "Social Vulnerability Index": "B"}, "42005": {"Income": 27715.0, "Population-Density": 105.54, "Percent-Attend-College": 16.74074074, "Percent-Over-65": 18.4, "Vax-Rate": 50.5, "Social Vulnerability Index": "A"}, "42007": {"Income": 31305.0, "Population-Density": 392.3, "Percent-Attend-College": 24.70945088, "Percent-Over-65": 18.56, "Vax-Rate": 42.6, "Social Vulnerability Index": "A"}, "42009": {"Income": 26078.0, "Population-Density": 49.16, "Percent-Attend-College": 14.72846256, "Percent-Over-65": 19.04, "Vax-Rate": 32.5, "Social Vulnerability Index": "B"}, "42011": {"Income": 31571.0, "Population-Density": 480.37, "Percent-Attend-College": 24.90143805, "Percent-Over-65": 14.48, "Vax-Rate": 51.8, "Social Vulnerability Index": "C"}, "42013": {"Income": 28119.0, "Population-Density": 241.71, "Percent-Attend-College": 21.27520116, "Percent-Over-65": 17.73, "Vax-Rate": 44.0, "Social Vulnerability Index": "B"}, "42015": {"Income": 28392.0, "Population-Density": 54.58, "Percent-Attend-College": 18.71850252, "Percent-Over-65": 17.81, "Vax-Rate": 35.8, "Social Vulnerability Index": "B"}, "42017": {"Income": 45849.0, "Population-Density": 1034.65, "Percent-Attend-College": 41.28666078, "Percent-Over-65": 14.59, "Vax-Rate": 61.1, "Social Vulnerability Index": "A"}, "42019": {"Income": 37811.0, "Population-Density": 233.15, "Percent-Attend-College": 35.96871239, "Percent-Over-65": 15.15, "Vax-Rate": 54.5, "Social Vulnerability Index": "A"}, "42021": {"Income": 26008.0, "Population-Density": 208.73, "Percent-Attend-College": 21.12087081, "Percent-Over-65": 18.84, "Vax-Rate": 48.0, "Social Vulnerability Index": "B"}, "42023": {"Income": 24528.0, "Population-Density": 12.83, "Percent-Attend-College": 13.66967306, "Percent-Over-65": 21.36, "Vax-Rate": 50.6, "Social Vulnerability Index": "B"}, "42025": {"Income": 29202.0, "Population-Density": 171.05, "Percent-Attend-College": 17.89330673, "Percent-Over-65": 17.85, "Vax-Rate": 54.3, "Social Vulnerability Index": "B"}, "42027": {"Income": 30753.0, "Population-Density": 138.74, "Percent-Attend-College": 45.45151246, "Percent-Over-65": 11.28, "Vax-Rate": 52.3, "Social Vulnerability Index": "B"}, "42029": {"Income": 50927.0, "Population-Density": 664.73, "Percent-Attend-College": 52.98846053, "Percent-Over-65": 12.8, "Vax-Rate": 58.0, "Social Vulnerability Index": "A"}, "42031": {"Income": 25157.0, "Population-Density": 66.55, "Percent-Attend-College": 22.10832892, "Percent-Over-65": 16.42, "Vax-Rate": 39.4, "Social Vulnerability Index": "B"}, "42033": {"Income": 24403.0, "Population-Density": 71.32, "Percent-Attend-College": 15.07416992, "Percent-Over-65": 17.46, "Vax-Rate": 44.0, "Social Vulnerability Index": "C"}, "42035": {"Income": 25794.0, "Population-Density": 44.19, "Percent-Attend-College": 19.45615764, "Percent-Over-65": 16.18, "Vax-Rate": 37.4, "Social Vulnerability Index": "B"}, "42037": {"Income": 26787.0, "Population-Density": 139.3, "Percent-Attend-College": 22.89727108, "Percent-Over-65": 16.07, "Vax-Rate": 53.6, "Social Vulnerability Index": "B"}, "42039": {"Income": 26582.0, "Population-Density": 87.69, "Percent-Attend-College": 21.13378761, "Percent-Over-65": 16.57, "Vax-Rate": 42.9, "Social Vulnerability Index": "C"}, "42041": {"Income": 37500.0, "Population-Density": 431.57, "Percent-Attend-College": 36.58244734, "Percent-Over-65": 15.61, "Vax-Rate": 58.5, "Social Vulnerability Index": "A"}, "42043": {"Income": 33639.0, "Population-Density": 510.62, "Percent-Attend-College": 30.82160595, "Percent-Over-65": 13.74, "Vax-Rate": 54.8, "Social Vulnerability Index": "B"}, "42045": {"Income": 40026.0, "Population-Density": 3040.52, "Percent-Attend-College": 39.02729806, "Percent-Over-65": 14.26, "Vax-Rate": 61.9, "Social Vulnerability Index": "B"}, "42047": {"Income": 29772.0, "Population-Density": 38.61, "Percent-Attend-College": 19.56834532, "Percent-Over-65": 18.99, "Vax-Rate": 50.1, "Social Vulnerability Index": "A"}, "42049": {"Income": 28306.0, "Population-Density": 351.08, "Percent-Attend-College": 27.89106577, "Percent-Over-65": 14.55, "Vax-Rate": 51.2, "Social Vulnerability Index": "C"}, "42051": {"Income": 27368.0, "Population-Density": 172.84, "Percent-Attend-College": 17.28207634, "Percent-Over-65": 17.99, "Vax-Rate": 50.0, "Social Vulnerability Index": "C"}, "42053": {"Income": 15245.0, "Population-Density": 18.06, "Percent-Attend-College": 8.07608877, "Percent-Over-65": 18.38, "Vax-Rate": 66.7, "Social Vulnerability Index": "C"}, "42055": {"Income": 31221.0, "Population-Density": 193.75, "Percent-Attend-College": 21.62483954, "Percent-Over-65": 16.49, "Vax-Rate": 41.8, "Social Vulnerability Index": "B"}, "42057": {"Income": 27396.0, "Population-Density": 33.93, "Percent-Attend-College": 13.56544901, "Percent-Over-65": 17.14, "Vax-Rate": 28.4, "Social Vulnerability Index": "A"}, "42059": {"Income": 27783.0, "Population-Density": 67.17, "Percent-Attend-College": 17.61030252, "Percent-Over-65": 15.33, "Vax-Rate": 41.1, "Social Vulnerability Index": "B"}, "42061": {"Income": 25746.0, "Population-Density": 52.49, "Percent-Attend-College": 17.41852723, "Percent-Over-65": 16.24, "Vax-Rate": 43.7, "Social Vulnerability Index": "B"}, "42063": {"Income": 26509.0, "Population-Density": 107.47, "Percent-Attend-College": 22.96394953, "Percent-Over-65": 15.69, "Vax-Rate": 40.2, "Social Vulnerability Index": "C"}, "42065": {"Income": 25509.0, "Population-Density": 69.28, "Percent-Attend-College": 15.93172575, "Percent-Over-65": 18.26, "Vax-Rate": 43.0, "Social Vulnerability Index": "B"}}