{"42065": {"Income": 25509.0, "Population-Density": 69.28, "Percent-Attend-College": 15.93172575, "Percent-Over-65": 18.26, "Vax-Rate": 43.0, "Social Vulnerability Index": "B"}, "42067": {"Income": 26239.0, "Population-Density": 62.95, "Percent-Attend-College": 14.45588065, "Percent-Over-65": 16.78, "Vax-Rate": 37.1, "Social Vulnerability Index": "B"}, "42069": {"Income": 29899.0, "Population-Density": 467.1, "Percent-Attend-College": 28.30140554, "Percent-Over-65": 17.67, "Vax-Rate": 63.3, "Social Vulnerability Index": "C"}, "42071": {"Income": 32194.0, "Population-Density": 550.37, "Percent-Attend-College": 27.27427584, "Percent-Over-65": 14.97, "Vax-Rate": 54.1, "Social Vulnerability Index": "B"}, "42073": {"Income": 28926.0, "Population-Density": 254.37, "Percent-Attend-College": 22.05003854, "Percent-Over-65": 18.8, "Vax-Rate": 44.3, "Social Vulnerability Index": "B"}, "42075": {"Income": 29130.0, "Population-Density": 369.14, "Percent-Attend-College": 20.6800196, "Percent-Over-65": 17.02, "Vax-Rate": 47.5, "Social Vulnerability Index": "C"}, "42077": {"Income": 33566.0, "Population-Density": 1012.55, "Percent-Attend-College": 29.89421072, "Percent-Over-65": 14.77, "Vax-Rate": 61.8, "Social Vulnerability Index": "C"}, "42079": {"Income": 28972.0, "Population-Density": 360.45, "Percent-Attend-College": 22.87561265, "Percent-Over-65": 17.95, "Vax-Rate": 54.1, "Social Vulnerability Index": "C"}, "42081": {"Income": 27950.0, "Population-Density": 94.51, "Percent-Attend-College": 23.36794515, "Percent-Over-65": 16.46, "Vax-Rate": 45.5, "Social Vulnerability Index": "B"}, "42083": {"Income": 27023.0, "Population-Density": 44.37, "Percent-Attend-College": 18.86439409, "Percent-Over-65": 16.99, "Vax-Rate": 33.3, "Social Vulnerability Index": "C"}}